"Time","C {instance=""44.223.33.156:15692"", job=""amazonmq-rabbitmq""}"
2025-03-30 15:16:00,0.0000548
2025-03-30 15:16:01,0.0000548
2025-03-30 15:16:02,0.0000548
2025-03-30 15:16:03,0.0000548
2025-03-30 15:16:04,0.0000548
2025-03-30 15:16:05,0.0000548
2025-03-30 15:16:06,0.0000548
2025-03-30 15:16:07,0.0000548
2025-03-30 15:16:08,0.0000548
2025-03-30 15:16:09,0.0000548
2025-03-30 15:16:10,0.0000548
2025-03-30 15:16:11,0.0000548
2025-03-30 15:16:12,0.0000548
2025-03-30 15:16:13,0.0000548
2025-03-30 15:16:14,0.0000548
2025-03-30 15:16:15,0.0000548
2025-03-30 15:16:16,0.0000548
2025-03-30 15:16:17,0.0000548
2025-03-30 15:16:18,0.0000548
2025-03-30 15:16:19,0.0000548
2025-03-30 15:16:20,0.0000548
2025-03-30 15:16:21,0.0000548
2025-03-30 15:16:22,0.0000548
2025-03-30 15:16:23,0.0000548
2025-03-30 15:16:24,0.0000548
2025-03-30 15:16:25,0.0000548
2025-03-30 15:16:26,0.0000548
2025-03-30 15:16:27,0.0000548
2025-03-30 15:16:28,0.0000548
2025-03-30 15:16:29,0.0000548
2025-03-30 15:16:30,0.0000548
2025-03-30 15:16:31,0.0000548
2025-03-30 15:16:32,0.0000548
2025-03-30 15:16:33,0.0000548
2025-03-30 15:16:34,0.0000548
2025-03-30 15:16:35,0.0000548
2025-03-30 15:16:36,0.0000548
2025-03-30 15:16:37,0.0000548
2025-03-30 15:16:38,0.0000548
2025-03-30 15:16:39,0.0000548
2025-03-30 15:16:40,0.0000548
2025-03-30 15:16:41,0.0000548
2025-03-30 15:16:42,0.0000548
2025-03-30 15:16:43,0.0000548
2025-03-30 15:16:44,0.0000548
2025-03-30 15:16:45,0.0000548
2025-03-30 15:16:46,0.0000548
2025-03-30 15:16:47,0.0000548
2025-03-30 15:16:48,0.0000548
2025-03-30 15:16:49,0.0000548
2025-03-30 15:16:50,0.0000548
2025-03-30 15:16:51,0.0000548
2025-03-30 15:16:52,0.0000548
2025-03-30 15:16:53,0.0000548
2025-03-30 15:16:54,0.0000548
2025-03-30 15:16:55,0.0000548
2025-03-30 15:16:56,0.0000548
2025-03-30 15:16:57,0.0000548
2025-03-30 15:16:58,12.1
2025-03-30 15:16:59,12.1
2025-03-30 15:17:00,12.2
2025-03-30 15:17:01,12.2
2025-03-30 15:17:02,12.2
2025-03-30 15:17:03,12.2
2025-03-30 15:17:04,12.2
2025-03-30 15:17:05,12.3
2025-03-30 15:17:06,12.3
2025-03-30 15:17:07,12.3
2025-03-30 15:17:08,12.3
2025-03-30 15:17:09,12.4
2025-03-30 15:17:10,12.4
2025-03-30 15:17:11,12.4
2025-03-30 15:17:12,12.4
2025-03-30 15:17:13,50.6
2025-03-30 15:17:14,50.7
2025-03-30 15:17:15,50.8
2025-03-30 15:17:16,50.9
2025-03-30 15:17:17,51.1
2025-03-30 15:17:18,51.2
2025-03-30 15:17:19,51.3
2025-03-30 15:17:20,51.4
2025-03-30 15:17:21,51.6
2025-03-30 15:17:22,51.7
2025-03-30 15:17:23,51.8
2025-03-30 15:17:24,51.9
2025-03-30 15:17:25,52.1
2025-03-30 15:17:26,52.2
2025-03-30 15:17:27,52.3
2025-03-30 15:17:28,115
2025-03-30 15:17:29,115
2025-03-30 15:17:30,116
2025-03-30 15:17:31,116
2025-03-30 15:17:32,116
2025-03-30 15:17:33,117
2025-03-30 15:17:34,117
2025-03-30 15:17:35,117
2025-03-30 15:17:36,118
2025-03-30 15:17:37,118
2025-03-30 15:17:38,118
2025-03-30 15:17:39,119
2025-03-30 15:17:40,119
2025-03-30 15:17:41,119
2025-03-30 15:17:42,120
2025-03-30 15:17:43,205
2025-03-30 15:17:44,206
2025-03-30 15:17:45,206
2025-03-30 15:17:46,207
2025-03-30 15:17:47,207
2025-03-30 15:17:48,208
2025-03-30 15:17:49,209
2025-03-30 15:17:50,209
2025-03-30 15:17:51,210
2025-03-30 15:17:52,210
2025-03-30 15:17:53,211
2025-03-30 15:17:54,212
2025-03-30 15:17:55,212
2025-03-30 15:17:56,213
2025-03-30 15:17:57,213
2025-03-30 15:17:58,220
2025-03-30 15:17:59,220
2025-03-30 15:18:00,221
2025-03-30 15:18:01,222
2025-03-30 15:18:02,222
2025-03-30 15:18:03,223
2025-03-30 15:18:04,223
2025-03-30 15:18:05,224
2025-03-30 15:18:06,225
2025-03-30 15:18:07,225
2025-03-30 15:18:08,226
2025-03-30 15:18:09,227
2025-03-30 15:18:10,227
2025-03-30 15:18:11,228
2025-03-30 15:18:12,229
2025-03-30 15:18:13,228
2025-03-30 15:18:14,229
2025-03-30 15:18:15,230
2025-03-30 15:18:16,230
2025-03-30 15:18:17,231
2025-03-30 15:18:18,232
2025-03-30 15:18:19,232
2025-03-30 15:18:20,233
2025-03-30 15:18:21,233
2025-03-30 15:18:22,234
2025-03-30 15:18:23,235
2025-03-30 15:18:24,235
2025-03-30 15:18:25,236
2025-03-30 15:18:26,237
2025-03-30 15:18:27,237
2025-03-30 15:18:28,237
2025-03-30 15:18:29,238
2025-03-30 15:18:30,238
2025-03-30 15:18:31,239
2025-03-30 15:18:32,239
2025-03-30 15:18:33,240
2025-03-30 15:18:34,241
2025-03-30 15:18:35,241
2025-03-30 15:18:36,242
2025-03-30 15:18:37,243
2025-03-30 15:18:38,243
2025-03-30 15:18:39,244
2025-03-30 15:18:40,244
2025-03-30 15:18:41,245
2025-03-30 15:18:42,246
2025-03-30 15:18:43,246
2025-03-30 15:18:44,246
2025-03-30 15:18:45,247
2025-03-30 15:18:46,247
2025-03-30 15:18:47,248
2025-03-30 15:18:48,249
2025-03-30 15:18:49,249
2025-03-30 15:18:50,250
2025-03-30 15:18:51,251
2025-03-30 15:18:52,251
2025-03-30 15:18:53,252
2025-03-30 15:18:54,252
2025-03-30 15:18:55,253
2025-03-30 15:18:56,254
2025-03-30 15:18:57,254
2025-03-30 15:18:58,254
2025-03-30 15:18:59,255
2025-03-30 15:19:00,255
2025-03-30 15:19:01,256
2025-03-30 15:19:02,257
2025-03-30 15:19:03,257
2025-03-30 15:19:04,258
2025-03-30 15:19:05,258
2025-03-30 15:19:06,259
2025-03-30 15:19:07,260
2025-03-30 15:19:08,260
2025-03-30 15:19:09,261
2025-03-30 15:19:10,262
2025-03-30 15:19:11,262
2025-03-30 15:19:12,263
2025-03-30 15:19:13,263
2025-03-30 15:19:14,263
2025-03-30 15:19:15,264
2025-03-30 15:19:16,265
2025-03-30 15:19:17,265
2025-03-30 15:19:18,266
2025-03-30 15:19:19,267
2025-03-30 15:19:20,267
2025-03-30 15:19:21,268
2025-03-30 15:19:22,268
2025-03-30 15:19:23,269
2025-03-30 15:19:24,270
2025-03-30 15:19:25,270
2025-03-30 15:19:26,271
2025-03-30 15:19:27,272
2025-03-30 15:19:28,271
2025-03-30 15:19:29,272
2025-03-30 15:19:30,272
2025-03-30 15:19:31,273
2025-03-30 15:19:32,274
2025-03-30 15:19:33,274
2025-03-30 15:19:34,275
2025-03-30 15:19:35,276
2025-03-30 15:19:36,276
2025-03-30 15:19:37,277
2025-03-30 15:19:38,278
2025-03-30 15:19:39,278
2025-03-30 15:19:40,279
2025-03-30 15:19:41,279
2025-03-30 15:19:42,280
2025-03-30 15:19:43,280
2025-03-30 15:19:44,280
2025-03-30 15:19:45,281
2025-03-30 15:19:46,282
2025-03-30 15:19:47,282
2025-03-30 15:19:48,283
2025-03-30 15:19:49,283
2025-03-30 15:19:50,284
2025-03-30 15:19:51,285
2025-03-30 15:19:52,285
2025-03-30 15:19:53,286
2025-03-30 15:19:54,287
2025-03-30 15:19:55,287
2025-03-30 15:19:56,288
2025-03-30 15:19:57,289
2025-03-30 15:19:58,288
2025-03-30 15:19:59,289
2025-03-30 15:20:00,289
2025-03-30 15:20:01,290
2025-03-30 15:20:02,291
2025-03-30 15:20:03,291
2025-03-30 15:20:04,292
2025-03-30 15:20:05,293
2025-03-30 15:20:06,293
2025-03-30 15:20:07,294
2025-03-30 15:20:08,295
2025-03-30 15:20:09,295
2025-03-30 15:20:10,296
2025-03-30 15:20:11,296
2025-03-30 15:20:12,297
2025-03-30 15:20:13,297
2025-03-30 15:20:14,297
2025-03-30 15:20:15,298
2025-03-30 15:20:16,299
2025-03-30 15:20:17,299
2025-03-30 15:20:18,300
2025-03-30 15:20:19,300
2025-03-30 15:20:20,301
2025-03-30 15:20:21,302
2025-03-30 15:20:22,302
2025-03-30 15:20:23,303
2025-03-30 15:20:24,304
2025-03-30 15:20:25,304
2025-03-30 15:20:26,305
2025-03-30 15:20:27,306
2025-03-30 15:20:28,305
2025-03-30 15:20:29,306
2025-03-30 15:20:30,306
2025-03-30 15:20:31,307
2025-03-30 15:20:32,308
2025-03-30 15:20:33,308
2025-03-30 15:20:34,309
2025-03-30 15:20:35,310
2025-03-30 15:20:36,310
2025-03-30 15:20:37,311
2025-03-30 15:20:38,311
2025-03-30 15:20:39,312
2025-03-30 15:20:40,313
2025-03-30 15:20:41,313
2025-03-30 15:20:42,314
2025-03-30 15:20:43,314
2025-03-30 15:20:44,315
2025-03-30 15:20:45,315
2025-03-30 15:20:46,316
2025-03-30 15:20:47,316
2025-03-30 15:20:48,317
2025-03-30 15:20:49,318
2025-03-30 15:20:50,318
2025-03-30 15:20:51,319
2025-03-30 15:20:52,320
2025-03-30 15:20:53,320
2025-03-30 15:20:54,321
2025-03-30 15:20:55,321
2025-03-30 15:20:56,322
2025-03-30 15:20:57,323
2025-03-30 15:20:58,322
2025-03-30 15:20:59,323
2025-03-30 15:21:00,324
2025-03-30 15:21:01,324
2025-03-30 15:21:02,325
2025-03-30 15:21:03,326
2025-03-30 15:21:04,326
2025-03-30 15:21:05,327
2025-03-30 15:21:06,327
2025-03-30 15:21:07,328
2025-03-30 15:21:08,329
2025-03-30 15:21:09,329
2025-03-30 15:21:10,330
2025-03-30 15:21:11,331
2025-03-30 15:21:12,331
2025-03-30 15:21:13,331
2025-03-30 15:21:14,332
2025-03-30 15:21:15,332
2025-03-30 15:21:16,333
2025-03-30 15:21:17,333
2025-03-30 15:21:18,334
2025-03-30 15:21:19,335
2025-03-30 15:21:20,335
2025-03-30 15:21:21,336
2025-03-30 15:21:22,337
2025-03-30 15:21:23,337
2025-03-30 15:21:24,338
2025-03-30 15:21:25,338
2025-03-30 15:21:26,339
2025-03-30 15:21:27,340
2025-03-30 15:21:28,339
2025-03-30 15:21:29,340
2025-03-30 15:21:30,341
2025-03-30 15:21:31,341
2025-03-30 15:21:32,342
2025-03-30 15:21:33,343
2025-03-30 15:21:34,343
2025-03-30 15:21:35,344
2025-03-30 15:21:36,344
2025-03-30 15:21:37,345
2025-03-30 15:21:38,346
2025-03-30 15:21:39,346
2025-03-30 15:21:40,347
2025-03-30 15:21:41,348
2025-03-30 15:21:42,348
2025-03-30 15:21:43,342
2025-03-30 15:21:44,342
2025-03-30 15:21:45,343
2025-03-30 15:21:46,344
2025-03-30 15:21:47,344
2025-03-30 15:21:48,345
2025-03-30 15:21:49,345
2025-03-30 15:21:50,345
2025-03-30 15:21:51,345
2025-03-30 15:21:52,345
2025-03-30 15:21:53,345
2025-03-30 15:21:54,345
2025-03-30 15:21:55,345
2025-03-30 15:21:56,345
2025-03-30 15:21:57,345
2025-03-30 15:21:58,313
2025-03-30 15:21:59,313
2025-03-30 15:22:00,313
2025-03-30 15:22:01,313
2025-03-30 15:22:02,313
2025-03-30 15:22:03,313
2025-03-30 15:22:04,313
2025-03-30 15:22:05,313
2025-03-30 15:22:06,313
2025-03-30 15:22:07,313
2025-03-30 15:22:08,313
2025-03-30 15:22:09,313
2025-03-30 15:22:10,313
2025-03-30 15:22:11,313
2025-03-30 15:22:12,313
2025-03-30 15:22:13,254
2025-03-30 15:22:14,254
2025-03-30 15:22:15,254
2025-03-30 15:22:16,254
2025-03-30 15:22:17,254
2025-03-30 15:22:18,254
2025-03-30 15:22:19,254
2025-03-30 15:22:20,254
2025-03-30 15:22:21,254
2025-03-30 15:22:22,254
2025-03-30 15:22:23,254
2025-03-30 15:22:24,254
2025-03-30 15:22:25,254
2025-03-30 15:22:26,254
2025-03-30 15:22:27,254
2025-03-30 15:22:28,169
2025-03-30 15:22:29,169
2025-03-30 15:22:30,169
2025-03-30 15:22:31,169
2025-03-30 15:22:32,169
2025-03-30 15:22:33,169
2025-03-30 15:22:34,169
2025-03-30 15:22:35,169
2025-03-30 15:22:36,169
2025-03-30 15:22:37,169
2025-03-30 15:22:38,169
2025-03-30 15:22:39,169
2025-03-30 15:22:40,169
2025-03-30 15:22:41,169
2025-03-30 15:22:42,169
2025-03-30 15:22:43,162
2025-03-30 15:22:44,162
2025-03-30 15:22:45,162
2025-03-30 15:22:46,162
2025-03-30 15:22:47,162
2025-03-30 15:22:48,162
2025-03-30 15:22:49,162
2025-03-30 15:22:50,162
2025-03-30 15:22:51,162
2025-03-30 15:22:52,162
2025-03-30 15:22:53,162
2025-03-30 15:22:54,162
2025-03-30 15:22:55,162
2025-03-30 15:22:56,162
2025-03-30 15:22:57,162
2025-03-30 15:22:58,153
2025-03-30 15:22:59,153
2025-03-30 15:23:00,153