"Time","C {__name__=""rabbitmq_channel_messages_unacked"", instance=""44.223.33.156:15692"", job=""amazonmq-rabbitmq""}"
2025-03-30 15:16:00,0.000
2025-03-30 15:16:01,0.000
2025-03-30 15:16:02,0.000
2025-03-30 15:16:03,0.000
2025-03-30 15:16:04,0.000
2025-03-30 15:16:05,0.000
2025-03-30 15:16:06,0.000
2025-03-30 15:16:07,0.000
2025-03-30 15:16:08,0.000
2025-03-30 15:16:09,0.000
2025-03-30 15:16:10,0.000
2025-03-30 15:16:11,0.000
2025-03-30 15:16:12,0.000
2025-03-30 15:16:13,0.000
2025-03-30 15:16:14,0.000
2025-03-30 15:16:15,0.000
2025-03-30 15:16:16,0.000
2025-03-30 15:16:17,0.000
2025-03-30 15:16:18,0.000
2025-03-30 15:16:19,0.000
2025-03-30 15:16:20,0.000
2025-03-30 15:16:21,0.000
2025-03-30 15:16:22,0.000
2025-03-30 15:16:23,0.000
2025-03-30 15:16:24,0.000
2025-03-30 15:16:25,0.000
2025-03-30 15:16:26,0.000
2025-03-30 15:16:27,0.000
2025-03-30 15:16:28,0.000
2025-03-30 15:16:29,0.000
2025-03-30 15:16:30,0.000
2025-03-30 15:16:31,0.000
2025-03-30 15:16:32,0.000
2025-03-30 15:16:33,0.000
2025-03-30 15:16:34,0.000
2025-03-30 15:16:35,0.000
2025-03-30 15:16:36,0.000
2025-03-30 15:16:37,0.000
2025-03-30 15:16:38,0.000
2025-03-30 15:16:39,0.000
2025-03-30 15:16:40,0.000
2025-03-30 15:16:41,0.000
2025-03-30 15:16:42,0.000
2025-03-30 15:16:43,0.000
2025-03-30 15:16:44,0.000
2025-03-30 15:16:45,0.000
2025-03-30 15:16:46,0.000
2025-03-30 15:16:47,0.000
2025-03-30 15:16:48,0.000
2025-03-30 15:16:49,0.000
2025-03-30 15:16:50,0.000
2025-03-30 15:16:51,0.000
2025-03-30 15:16:52,0.000
2025-03-30 15:16:53,0.000
2025-03-30 15:16:54,0.000
2025-03-30 15:16:55,0.000
2025-03-30 15:16:56,0.000
2025-03-30 15:16:57,0.000
2025-03-30 15:16:58,10.445
2025-03-30 15:16:59,10.445
2025-03-30 15:17:00,10.445
2025-03-30 15:17:01,10.445
2025-03-30 15:17:02,10.445
2025-03-30 15:17:03,10.445
2025-03-30 15:17:04,10.445
2025-03-30 15:17:05,10.445
2025-03-30 15:17:06,10.445
2025-03-30 15:17:07,10.445
2025-03-30 15:17:08,10.445
2025-03-30 15:17:09,10.445
2025-03-30 15:17:10,10.445
2025-03-30 15:17:11,10.445
2025-03-30 15:17:12,10.445
2025-03-30 15:17:13,4.433
2025-03-30 15:17:14,4.433
2025-03-30 15:17:15,4.433
2025-03-30 15:17:16,4.433
2025-03-30 15:17:17,4.433
2025-03-30 15:17:18,4.433
2025-03-30 15:17:19,4.433
2025-03-30 15:17:20,4.433
2025-03-30 15:17:21,4.433
2025-03-30 15:17:22,4.433
2025-03-30 15:17:23,4.433
2025-03-30 15:17:24,4.433
2025-03-30 15:17:25,4.433
2025-03-30 15:17:26,4.433
2025-03-30 15:17:27,4.433
2025-03-30 15:17:28,2.786
2025-03-30 15:17:29,2.786
2025-03-30 15:17:30,2.786
2025-03-30 15:17:31,2.786
2025-03-30 15:17:32,2.786
2025-03-30 15:17:33,2.786
2025-03-30 15:17:34,2.786
2025-03-30 15:17:35,2.786
2025-03-30 15:17:36,2.786
2025-03-30 15:17:37,2.786
2025-03-30 15:17:38,2.786
2025-03-30 15:17:39,2.786
2025-03-30 15:17:40,2.786
2025-03-30 15:17:41,2.786
2025-03-30 15:17:42,2.786
2025-03-30 15:17:43,2.017
2025-03-30 15:17:44,2.017
2025-03-30 15:17:45,2.017
2025-03-30 15:17:46,2.017
2025-03-30 15:17:47,2.017
2025-03-30 15:17:48,2.017
2025-03-30 15:17:49,2.017
2025-03-30 15:17:50,2.017
2025-03-30 15:17:51,2.017
2025-03-30 15:17:52,2.017
2025-03-30 15:17:53,2.017
2025-03-30 15:17:54,2.017
2025-03-30 15:17:55,2.017
2025-03-30 15:17:56,2.017
2025-03-30 15:17:57,2.017
2025-03-30 15:17:58,1.608
2025-03-30 15:17:59,1.608
2025-03-30 15:18:00,1.608
2025-03-30 15:18:01,1.608
2025-03-30 15:18:02,1.608
2025-03-30 15:18:03,1.608
2025-03-30 15:18:04,1.608
2025-03-30 15:18:05,1.608
2025-03-30 15:18:06,1.608
2025-03-30 15:18:07,1.608
2025-03-30 15:18:08,1.608
2025-03-30 15:18:09,1.608
2025-03-30 15:18:10,1.608
2025-03-30 15:18:11,1.608
2025-03-30 15:18:12,1.608
2025-03-30 15:18:13,1.330
2025-03-30 15:18:14,1.330
2025-03-30 15:18:15,1.330
2025-03-30 15:18:16,1.330
2025-03-30 15:18:17,1.330
2025-03-30 15:18:18,1.330
2025-03-30 15:18:19,1.330
2025-03-30 15:18:20,1.330
2025-03-30 15:18:21,1.330
2025-03-30 15:18:22,1.330
2025-03-30 15:18:23,1.330
2025-03-30 15:18:24,1.330
2025-03-30 15:18:25,1.330
2025-03-30 15:18:26,1.330
2025-03-30 15:18:27,1.330
2025-03-30 15:18:28,1.130
2025-03-30 15:18:29,1.130
2025-03-30 15:18:30,1.130
2025-03-30 15:18:31,1.130
2025-03-30 15:18:32,1.130
2025-03-30 15:18:33,1.130
2025-03-30 15:18:34,1.130
2025-03-30 15:18:35,1.130
2025-03-30 15:18:36,1.130
2025-03-30 15:18:37,1.130
2025-03-30 15:18:38,1.130
2025-03-30 15:18:39,1.130
2025-03-30 15:18:40,1.130
2025-03-30 15:18:41,1.130
2025-03-30 15:18:42,1.130
2025-03-30 15:18:43,0.985
2025-03-30 15:18:44,0.985
2025-03-30 15:18:45,0.985
2025-03-30 15:18:46,0.985
2025-03-30 15:18:47,0.985
2025-03-30 15:18:48,0.985
2025-03-30 15:18:49,0.985
2025-03-30 15:18:50,0.985
2025-03-30 15:18:51,0.985
2025-03-30 15:18:52,0.985
2025-03-30 15:18:53,0.985
2025-03-30 15:18:54,0.985
2025-03-30 15:18:55,0.985
2025-03-30 15:18:56,0.985
2025-03-30 15:18:57,0.985
2025-03-30 15:18:58,0.871
2025-03-30 15:18:59,0.871
2025-03-30 15:19:00,0.871
2025-03-30 15:19:01,0.871
2025-03-30 15:19:02,0.871
2025-03-30 15:19:03,0.871
2025-03-30 15:19:04,0.871
2025-03-30 15:19:05,0.871
2025-03-30 15:19:06,0.871
2025-03-30 15:19:07,0.871
2025-03-30 15:19:08,0.871
2025-03-30 15:19:09,0.871
2025-03-30 15:19:10,0.871
2025-03-30 15:19:11,0.871
2025-03-30 15:19:12,0.871
2025-03-30 15:19:13,0.782
2025-03-30 15:19:14,0.782
2025-03-30 15:19:15,0.782
2025-03-30 15:19:16,0.782
2025-03-30 15:19:17,0.782
2025-03-30 15:19:18,0.782
2025-03-30 15:19:19,0.782
2025-03-30 15:19:20,0.782
2025-03-30 15:19:21,0.782
2025-03-30 15:19:22,0.782
2025-03-30 15:19:23,0.782
2025-03-30 15:19:24,0.782
2025-03-30 15:19:25,0.782
2025-03-30 15:19:26,0.782
2025-03-30 15:19:27,0.782
2025-03-30 15:19:28,0.710
2025-03-30 15:19:29,0.710
2025-03-30 15:19:30,0.710
2025-03-30 15:19:31,0.710
2025-03-30 15:19:32,0.710
2025-03-30 15:19:33,0.710
2025-03-30 15:19:34,0.710
2025-03-30 15:19:35,0.710
2025-03-30 15:19:36,0.710
2025-03-30 15:19:37,0.710
2025-03-30 15:19:38,0.710
2025-03-30 15:19:39,0.710
2025-03-30 15:19:40,0.710
2025-03-30 15:19:41,0.710
2025-03-30 15:19:42,0.710
2025-03-30 15:19:43,0.649
2025-03-30 15:19:44,0.649
2025-03-30 15:19:45,0.649
2025-03-30 15:19:46,0.649
2025-03-30 15:19:47,0.649
2025-03-30 15:19:48,0.649
2025-03-30 15:19:49,0.649
2025-03-30 15:19:50,0.649
2025-03-30 15:19:51,0.649
2025-03-30 15:19:52,0.649
2025-03-30 15:19:53,0.649
2025-03-30 15:19:54,0.649
2025-03-30 15:19:55,0.649
2025-03-30 15:19:56,0.649
2025-03-30 15:19:57,0.649
2025-03-30 15:19:58,0.598
2025-03-30 15:19:59,0.598
2025-03-30 15:20:00,0.598
2025-03-30 15:20:01,0.598
2025-03-30 15:20:02,0.598
2025-03-30 15:20:03,0.598
2025-03-30 15:20:04,0.598
2025-03-30 15:20:05,0.598
2025-03-30 15:20:06,0.598
2025-03-30 15:20:07,0.598
2025-03-30 15:20:08,0.598
2025-03-30 15:20:09,0.598
2025-03-30 15:20:10,0.598
2025-03-30 15:20:11,0.598
2025-03-30 15:20:12,0.598
2025-03-30 15:20:13,0.555
2025-03-30 15:20:14,0.555
2025-03-30 15:20:15,0.555
2025-03-30 15:20:16,0.555
2025-03-30 15:20:17,0.555
2025-03-30 15:20:18,0.555
2025-03-30 15:20:19,0.555
2025-03-30 15:20:20,0.555
2025-03-30 15:20:21,0.555
2025-03-30 15:20:22,0.555
2025-03-30 15:20:23,0.555
2025-03-30 15:20:24,0.555
2025-03-30 15:20:25,0.555
2025-03-30 15:20:26,0.555
2025-03-30 15:20:27,0.555
2025-03-30 15:20:28,0.518
2025-03-30 15:20:29,0.518
2025-03-30 15:20:30,0.518
2025-03-30 15:20:31,0.518
2025-03-30 15:20:32,0.518
2025-03-30 15:20:33,0.518
2025-03-30 15:20:34,0.518
2025-03-30 15:20:35,0.518
2025-03-30 15:20:36,0.518
2025-03-30 15:20:37,0.518
2025-03-30 15:20:38,0.518
2025-03-30 15:20:39,0.518
2025-03-30 15:20:40,0.518
2025-03-30 15:20:41,0.518
2025-03-30 15:20:42,0.518
2025-03-30 15:20:43,0.485
2025-03-30 15:20:44,0.485
2025-03-30 15:20:45,0.485
2025-03-30 15:20:46,0.485
2025-03-30 15:20:47,0.485
2025-03-30 15:20:48,0.485
2025-03-30 15:20:49,0.485
2025-03-30 15:20:50,0.485
2025-03-30 15:20:51,0.485
2025-03-30 15:20:52,0.485
2025-03-30 15:20:53,0.485
2025-03-30 15:20:54,0.485
2025-03-30 15:20:55,0.485
2025-03-30 15:20:56,0.485
2025-03-30 15:20:57,0.485
2025-03-30 15:20:58,0.457
2025-03-30 15:20:59,0.457
2025-03-30 15:21:00,0.457
2025-03-30 15:21:01,0.457
2025-03-30 15:21:02,0.457
2025-03-30 15:21:03,0.457
2025-03-30 15:21:04,0.457
2025-03-30 15:21:05,0.457
2025-03-30 15:21:06,0.457
2025-03-30 15:21:07,0.457
2025-03-30 15:21:08,0.457
2025-03-30 15:21:09,0.457
2025-03-30 15:21:10,0.457
2025-03-30 15:21:11,0.457
2025-03-30 15:21:12,0.457
2025-03-30 15:21:13,0.431
2025-03-30 15:21:14,0.431
2025-03-30 15:21:15,0.431
2025-03-30 15:21:16,0.431
2025-03-30 15:21:17,0.431
2025-03-30 15:21:18,0.431
2025-03-30 15:21:19,0.431
2025-03-30 15:21:20,0.431
2025-03-30 15:21:21,0.431
2025-03-30 15:21:22,0.431
2025-03-30 15:21:23,0.431
2025-03-30 15:21:24,0.431
2025-03-30 15:21:25,0.431
2025-03-30 15:21:26,0.431
2025-03-30 15:21:27,0.431
2025-03-30 15:21:28,0.408
2025-03-30 15:21:29,0.408
2025-03-30 15:21:30,0.408
2025-03-30 15:21:31,0.408
2025-03-30 15:21:32,0.408
2025-03-30 15:21:33,0.408
2025-03-30 15:21:34,0.408
2025-03-30 15:21:35,0.408
2025-03-30 15:21:36,0.408
2025-03-30 15:21:37,0.408
2025-03-30 15:21:38,0.408
2025-03-30 15:21:39,0.408
2025-03-30 15:21:40,0.408
2025-03-30 15:21:41,0.408
2025-03-30 15:21:42,0.408
2025-03-30 15:21:43,0.402
2025-03-30 15:21:44,0.402
2025-03-30 15:21:45,0.402
2025-03-30 15:21:46,0.402
2025-03-30 15:21:47,0.402
2025-03-30 15:21:48,0.402
2025-03-30 15:21:49,0.402
2025-03-30 15:21:50,0.402
2025-03-30 15:21:51,0.402
2025-03-30 15:21:52,0.402
2025-03-30 15:21:53,0.402
2025-03-30 15:21:54,0.402
2025-03-30 15:21:55,0.402
2025-03-30 15:21:56,0.402
2025-03-30 15:21:57,0.402
2025-03-30 15:21:58,0.402
2025-03-30 15:21:59,0.402
2025-03-30 15:22:00,0.402
2025-03-30 15:22:01,0.402
2025-03-30 15:22:02,0.402
2025-03-30 15:22:03,0.402
2025-03-30 15:22:04,0.402
2025-03-30 15:22:05,0.402
2025-03-30 15:22:06,0.402
2025-03-30 15:22:07,0.402
2025-03-30 15:22:08,0.402
2025-03-30 15:22:09,0.402
2025-03-30 15:22:10,0.402
2025-03-30 15:22:11,0.402
2025-03-30 15:22:12,0.402
2025-03-30 15:22:13,0.402
2025-03-30 15:22:14,0.402
2025-03-30 15:22:15,0.402
2025-03-30 15:22:16,0.402
2025-03-30 15:22:17,0.402
2025-03-30 15:22:18,0.402
2025-03-30 15:22:19,0.402
2025-03-30 15:22:20,0.402
2025-03-30 15:22:21,0.402
2025-03-30 15:22:22,0.402
2025-03-30 15:22:23,0.402
2025-03-30 15:22:24,0.402
2025-03-30 15:22:25,0.402
2025-03-30 15:22:26,0.402
2025-03-30 15:22:27,0.402
2025-03-30 15:22:28,0.403
2025-03-30 15:22:29,0.403
2025-03-30 15:22:30,0.403
2025-03-30 15:22:31,0.403
2025-03-30 15:22:32,0.403
2025-03-30 15:22:33,0.403
2025-03-30 15:22:34,0.403
2025-03-30 15:22:35,0.403
2025-03-30 15:22:36,0.403
2025-03-30 15:22:37,0.403
2025-03-30 15:22:38,0.403
2025-03-30 15:22:39,0.403
2025-03-30 15:22:40,0.403
2025-03-30 15:22:41,0.403
2025-03-30 15:22:42,0.403
2025-03-30 15:22:43,0.000
2025-03-30 15:22:44,0.000
2025-03-30 15:22:45,0.000
2025-03-30 15:22:46,0.000
2025-03-30 15:22:47,0.000
2025-03-30 15:22:48,0.000
2025-03-30 15:22:49,0.000
2025-03-30 15:22:50,0.000
2025-03-30 15:22:51,0.000
2025-03-30 15:22:52,0.000
2025-03-30 15:22:53,0.000
2025-03-30 15:22:54,0.000
2025-03-30 15:22:55,0.000
2025-03-30 15:22:56,0.000
2025-03-30 15:22:57,0.000
2025-03-30 15:22:58,0.000
2025-03-30 15:22:59,0.000
2025-03-30 15:23:00,0.000