"Time","C {instance=""rabbitmq:15692"", job=""rabbitmq""}"
2025-04-06 23:47:00,0.000583
2025-04-06 23:47:01,0.000583
2025-04-06 23:47:02,0.000583
2025-04-06 23:47:03,0.000583
2025-04-06 23:47:04,0.000636
2025-04-06 23:47:05,0.000636
2025-04-06 23:47:06,0.000636
2025-04-06 23:47:07,0.000636
2025-04-06 23:47:08,0.000636
2025-04-06 23:47:09,0.000636
2025-04-06 23:47:10,0.000636
2025-04-06 23:47:11,0.000636
2025-04-06 23:47:12,0.000636
2025-04-06 23:47:13,0.000636
2025-04-06 23:47:14,0.000636
2025-04-06 23:47:15,0.000636
2025-04-06 23:47:16,0.000636
2025-04-06 23:47:17,0.000636
2025-04-06 23:47:18,0.000636
2025-04-06 23:47:19,0.000636
2025-04-06 23:47:20,0.000636
2025-04-06 23:47:21,0.000636
2025-04-06 23:47:22,0.000636
2025-04-06 23:47:23,0.000636
2025-04-06 23:47:24,0.000636
2025-04-06 23:47:25,0.000636
2025-04-06 23:47:26,0.000636
2025-04-06 23:47:27,0.000636
2025-04-06 23:47:28,0.000636
2025-04-06 23:47:29,0.453
2025-04-06 23:47:30,0.453
2025-04-06 23:47:31,0.453
2025-04-06 23:47:32,0.453
2025-04-06 23:47:33,0.453
2025-04-06 23:47:34,5.28
2025-04-06 23:47:35,5.30
2025-04-06 23:47:36,5.31
2025-04-06 23:47:37,5.33
2025-04-06 23:47:38,5.34
2025-04-06 23:47:39,14.2
2025-04-06 23:47:40,14.3
2025-04-06 23:47:41,14.3
2025-04-06 23:47:42,14.4
2025-04-06 23:47:43,14.4
2025-04-06 23:47:44,26.5
2025-04-06 23:47:45,26.6
2025-04-06 23:47:46,26.7
2025-04-06 23:47:47,26.8
2025-04-06 23:47:48,26.8
2025-04-06 23:47:49,41.8
2025-04-06 23:47:50,41.9
2025-04-06 23:47:51,42.1
2025-04-06 23:47:52,42.2
2025-04-06 23:47:53,42.4
2025-04-06 23:47:54,59.7
2025-04-06 23:47:55,59.9
2025-04-06 23:47:56,60.1
2025-04-06 23:47:57,60.3
2025-04-06 23:47:58,60.5
2025-04-06 23:47:59,81.8
2025-04-06 23:48:00,82.0
2025-04-06 23:48:01,82.3
2025-04-06 23:48:02,82.6
2025-04-06 23:48:03,82.9
2025-04-06 23:48:04,103
2025-04-06 23:48:05,104
2025-04-06 23:48:06,104
2025-04-06 23:48:07,104
2025-04-06 23:48:08,105
2025-04-06 23:48:09,129
2025-04-06 23:48:10,129
2025-04-06 23:48:11,129
2025-04-06 23:48:12,130
2025-04-06 23:48:13,130
2025-04-06 23:48:14,156
2025-04-06 23:48:15,157
2025-04-06 23:48:16,157
2025-04-06 23:48:17,158
2025-04-06 23:48:18,158
2025-04-06 23:48:19,186
2025-04-06 23:48:20,187
2025-04-06 23:48:21,187
2025-04-06 23:48:22,188
2025-04-06 23:48:23,189
2025-04-06 23:48:24,218
2025-04-06 23:48:25,219
2025-04-06 23:48:26,220
2025-04-06 23:48:27,220
2025-04-06 23:48:28,221
2025-04-06 23:48:29,222
2025-04-06 23:48:30,223
2025-04-06 23:48:31,224
2025-04-06 23:48:32,225
2025-04-06 23:48:33,225
2025-04-06 23:48:34,227
2025-04-06 23:48:35,227
2025-04-06 23:48:36,228
2025-04-06 23:48:37,229
2025-04-06 23:48:38,230
2025-04-06 23:48:39,231
2025-04-06 23:48:40,232
2025-04-06 23:48:41,233
2025-04-06 23:48:42,233
2025-04-06 23:48:43,234
2025-04-06 23:48:44,236
2025-04-06 23:48:45,236
2025-04-06 23:48:46,237
2025-04-06 23:48:47,238
2025-04-06 23:48:48,239
2025-04-06 23:48:49,240
2025-04-06 23:48:50,241
2025-04-06 23:48:51,242
2025-04-06 23:48:52,242
2025-04-06 23:48:53,243
2025-04-06 23:48:54,244
2025-04-06 23:48:55,245
2025-04-06 23:48:56,246
2025-04-06 23:48:57,247
2025-04-06 23:48:58,248
2025-04-06 23:48:59,249
2025-04-06 23:49:00,250
2025-04-06 23:49:01,251
2025-04-06 23:49:02,251
2025-04-06 23:49:03,252
2025-04-06 23:49:04,253
2025-04-06 23:49:05,254
2025-04-06 23:49:06,255
2025-04-06 23:49:07,256
2025-04-06 23:49:08,257
2025-04-06 23:49:09,258
2025-04-06 23:49:10,259
2025-04-06 23:49:11,259
2025-04-06 23:49:12,260
2025-04-06 23:49:13,261
2025-04-06 23:49:14,262
2025-04-06 23:49:15,263
2025-04-06 23:49:16,264
2025-04-06 23:49:17,265
2025-04-06 23:49:18,266
2025-04-06 23:49:19,267
2025-04-06 23:49:20,268
2025-04-06 23:49:21,268
2025-04-06 23:49:22,269
2025-04-06 23:49:23,270
2025-04-06 23:49:24,271
2025-04-06 23:49:25,272
2025-04-06 23:49:26,273
2025-04-06 23:49:27,274
2025-04-06 23:49:28,275
2025-04-06 23:49:29,276
2025-04-06 23:49:30,277
2025-04-06 23:49:31,277
2025-04-06 23:49:32,278
2025-04-06 23:49:33,279
2025-04-06 23:49:34,280
2025-04-06 23:49:35,281
2025-04-06 23:49:36,282
2025-04-06 23:49:37,283
2025-04-06 23:49:38,284
2025-04-06 23:49:39,285
2025-04-06 23:49:40,286
2025-04-06 23:49:41,287
2025-04-06 23:49:42,288
2025-04-06 23:49:43,289
2025-04-06 23:49:44,289
2025-04-06 23:49:45,290
2025-04-06 23:49:46,291
2025-04-06 23:49:47,292
2025-04-06 23:49:48,293
2025-04-06 23:49:49,294
2025-04-06 23:49:50,295
2025-04-06 23:49:51,296
2025-04-06 23:49:52,297
2025-04-06 23:49:53,298
2025-04-06 23:49:54,298
2025-04-06 23:49:55,299
2025-04-06 23:49:56,300
2025-04-06 23:49:57,301
2025-04-06 23:49:58,302
2025-04-06 23:49:59,303
2025-04-06 23:50:00,304
2025-04-06 23:50:01,305
2025-04-06 23:50:02,306
2025-04-06 23:50:03,307
2025-04-06 23:50:04,307
2025-04-06 23:50:05,308
2025-04-06 23:50:06,309
2025-04-06 23:50:07,310
2025-04-06 23:50:08,311
2025-04-06 23:50:09,311
2025-04-06 23:50:10,312
2025-04-06 23:50:11,313
2025-04-06 23:50:12,314
2025-04-06 23:50:13,315
2025-04-06 23:50:14,316
2025-04-06 23:50:15,317
2025-04-06 23:50:16,318
2025-04-06 23:50:17,319
2025-04-06 23:50:18,320
2025-04-06 23:50:19,320
2025-04-06 23:50:20,321
2025-04-06 23:50:21,323
2025-04-06 23:50:22,324
2025-04-06 23:50:23,325
2025-04-06 23:50:24,325
2025-04-06 23:50:25,326
2025-04-06 23:50:26,327
2025-04-06 23:50:27,328
2025-04-06 23:50:28,329
2025-04-06 23:50:29,329
2025-04-06 23:50:30,330
2025-04-06 23:50:31,331
2025-04-06 23:50:32,332
2025-04-06 23:50:33,334
2025-04-06 23:50:34,333
2025-04-06 23:50:35,334
2025-04-06 23:50:36,335
2025-04-06 23:50:37,336
2025-04-06 23:50:38,338
2025-04-06 23:50:39,338
2025-04-06 23:50:40,339
2025-04-06 23:50:41,340
2025-04-06 23:50:42,341
2025-04-06 23:50:43,342
2025-04-06 23:50:44,342
2025-04-06 23:50:45,343
2025-04-06 23:50:46,345
2025-04-06 23:50:47,346
2025-04-06 23:50:48,347
2025-04-06 23:50:49,346
2025-04-06 23:50:50,348
2025-04-06 23:50:51,349
2025-04-06 23:50:52,350
2025-04-06 23:50:53,351
2025-04-06 23:50:54,351
2025-04-06 23:50:55,352
2025-04-06 23:50:56,353
2025-04-06 23:50:57,354
2025-04-06 23:50:58,356
2025-04-06 23:50:59,355
2025-04-06 23:51:00,356
2025-04-06 23:51:01,357
2025-04-06 23:51:02,358
2025-04-06 23:51:03,359
2025-04-06 23:51:04,359
2025-04-06 23:51:05,360
2025-04-06 23:51:06,361
2025-04-06 23:51:07,362
2025-04-06 23:51:08,364
2025-04-06 23:51:09,362
2025-04-06 23:51:10,364
2025-04-06 23:51:11,365
2025-04-06 23:51:12,366
2025-04-06 23:51:13,367
2025-04-06 23:51:14,366
2025-04-06 23:51:15,368
2025-04-06 23:51:16,369
2025-04-06 23:51:17,370
2025-04-06 23:51:18,371
2025-04-06 23:51:19,369
2025-04-06 23:51:20,370
2025-04-06 23:51:21,372
2025-04-06 23:51:22,373
2025-04-06 23:51:23,374
2025-04-06 23:51:24,369
2025-04-06 23:51:25,370
2025-04-06 23:51:26,372
2025-04-06 23:51:27,373
2025-04-06 23:51:28,374
2025-04-06 23:51:29,369
2025-04-06 23:51:30,370
2025-04-06 23:51:31,372
2025-04-06 23:51:32,373
2025-04-06 23:51:33,374
2025-04-06 23:51:34,369
2025-04-06 23:51:35,370
2025-04-06 23:51:36,372
2025-04-06 23:51:37,373
2025-04-06 23:51:38,374
2025-04-06 23:51:39,369
2025-04-06 23:51:40,370
2025-04-06 23:51:41,372
2025-04-06 23:51:42,373
2025-04-06 23:51:43,374
2025-04-06 23:51:44,369
2025-04-06 23:51:45,370
2025-04-06 23:51:46,372
2025-04-06 23:51:47,373
2025-04-06 23:51:48,374
2025-04-06 23:51:49,369
2025-04-06 23:51:50,370
2025-04-06 23:51:51,372
2025-04-06 23:51:52,373
2025-04-06 23:51:53,374
2025-04-06 23:51:54,369
2025-04-06 23:51:55,370
2025-04-06 23:51:56,372
2025-04-06 23:51:57,373
2025-04-06 23:51:58,374
2025-04-06 23:51:59,369
2025-04-06 23:52:00,370