"Time","rabbit@ac419c33e6eb"
2025-04-08 21:31:00,3.6846 GiB
2025-04-08 21:31:01,3.6846 GiB
2025-04-08 21:31:02,3.6846 GiB
2025-04-08 21:31:03,3.6846 GiB
2025-04-08 21:31:04,3.6846 GiB
2025-04-08 21:31:05,3.6846 GiB
2025-04-08 21:31:06,3.6846 GiB
2025-04-08 21:31:07,3.6846 GiB
2025-04-08 21:31:08,3.6846 GiB
2025-04-08 21:31:09,3.6846 GiB
2025-04-08 21:31:10,3.6846 GiB
2025-04-08 21:31:11,3.6846 GiB
2025-04-08 21:31:12,3.6846 GiB
2025-04-08 21:31:13,3.6846 GiB
2025-04-08 21:31:14,3.6846 GiB
2025-04-08 21:31:15,3.6846 GiB
2025-04-08 21:31:16,3.6846 GiB
2025-04-08 21:31:17,3.6846 GiB
2025-04-08 21:31:18,3.6846 GiB
2025-04-08 21:31:19,3.6846 GiB
2025-04-08 21:31:20,3.6846 GiB
2025-04-08 21:31:21,3.6846 GiB
2025-04-08 21:31:22,3.6846 GiB
2025-04-08 21:31:23,3.6846 GiB
2025-04-08 21:31:24,3.6846 GiB
2025-04-08 21:31:25,3.6846 GiB
2025-04-08 21:31:26,3.6846 GiB
2025-04-08 21:31:27,3.6846 GiB
2025-04-08 21:31:28,3.6846 GiB
2025-04-08 21:31:29,3.6846 GiB
2025-04-08 21:31:30,3.6846 GiB
2025-04-08 21:31:31,3.6846 GiB
2025-04-08 21:31:32,3.6846 GiB
2025-04-08 21:31:33,3.6846 GiB
2025-04-08 21:31:34,3.6812 GiB
2025-04-08 21:31:35,3.6812 GiB
2025-04-08 21:31:36,3.6812 GiB
2025-04-08 21:31:37,3.6812 GiB
2025-04-08 21:31:38,3.6812 GiB
2025-04-08 21:31:39,3.6812 GiB
2025-04-08 21:31:40,3.6812 GiB
2025-04-08 21:31:41,3.6812 GiB
2025-04-08 21:31:42,3.6812 GiB
2025-04-08 21:31:43,3.6812 GiB
2025-04-08 21:31:44,3.6812 GiB
2025-04-08 21:31:45,3.6812 GiB
2025-04-08 21:31:46,3.6812 GiB
2025-04-08 21:31:47,3.6812 GiB
2025-04-08 21:31:48,3.6812 GiB
2025-04-08 21:31:49,3.6751 GiB
2025-04-08 21:31:50,3.6751 GiB
2025-04-08 21:31:51,3.6751 GiB
2025-04-08 21:31:52,3.6751 GiB
2025-04-08 21:31:53,3.6751 GiB
2025-04-08 21:31:54,3.6751 GiB
2025-04-08 21:31:55,3.6751 GiB
2025-04-08 21:31:56,3.6751 GiB
2025-04-08 21:31:57,3.6751 GiB
2025-04-08 21:31:58,3.6751 GiB
2025-04-08 21:31:59,3.6751 GiB
2025-04-08 21:32:00,3.6751 GiB
2025-04-08 21:32:01,3.6751 GiB
2025-04-08 21:32:02,3.6751 GiB
2025-04-08 21:32:03,3.6751 GiB
2025-04-08 21:32:04,3.6797 GiB
2025-04-08 21:32:05,3.6797 GiB
2025-04-08 21:32:06,3.6797 GiB
2025-04-08 21:32:07,3.6797 GiB
2025-04-08 21:32:08,3.6797 GiB
2025-04-08 21:32:09,3.6797 GiB
2025-04-08 21:32:10,3.6797 GiB
2025-04-08 21:32:11,3.6797 GiB
2025-04-08 21:32:12,3.6797 GiB
2025-04-08 21:32:13,3.6797 GiB
2025-04-08 21:32:14,3.6797 GiB
2025-04-08 21:32:15,3.6797 GiB
2025-04-08 21:32:16,3.6797 GiB
2025-04-08 21:32:17,3.6797 GiB
2025-04-08 21:32:18,3.6797 GiB
2025-04-08 21:32:19,3.6727 GiB
2025-04-08 21:32:20,3.6727 GiB
2025-04-08 21:32:21,3.6727 GiB
2025-04-08 21:32:22,3.6727 GiB
2025-04-08 21:32:23,3.6727 GiB
2025-04-08 21:32:24,3.6727 GiB
2025-04-08 21:32:25,3.6727 GiB
2025-04-08 21:32:26,3.6727 GiB
2025-04-08 21:32:27,3.6727 GiB
2025-04-08 21:32:28,3.6727 GiB
2025-04-08 21:32:29,3.6727 GiB
2025-04-08 21:32:30,3.6727 GiB
2025-04-08 21:32:31,3.6727 GiB
2025-04-08 21:32:32,3.6727 GiB
2025-04-08 21:32:33,3.6727 GiB
2025-04-08 21:32:34,3.6637 GiB
2025-04-08 21:32:35,3.6637 GiB
2025-04-08 21:32:36,3.6637 GiB
2025-04-08 21:32:37,3.6637 GiB
2025-04-08 21:32:38,3.6637 GiB
2025-04-08 21:32:39,3.6637 GiB
2025-04-08 21:32:40,3.6637 GiB
2025-04-08 21:32:41,3.6637 GiB
2025-04-08 21:32:42,3.6637 GiB
2025-04-08 21:32:43,3.6637 GiB
2025-04-08 21:32:44,3.6637 GiB
2025-04-08 21:32:45,3.6637 GiB
2025-04-08 21:32:46,3.6637 GiB
2025-04-08 21:32:47,3.6637 GiB
2025-04-08 21:32:48,3.6637 GiB
2025-04-08 21:32:49,3.6637 GiB
2025-04-08 21:32:50,3.6637 GiB
2025-04-08 21:32:51,3.6637 GiB
2025-04-08 21:32:52,3.6637 GiB
2025-04-08 21:32:53,3.6637 GiB
2025-04-08 21:32:54,3.6637 GiB
2025-04-08 21:32:55,3.6637 GiB
2025-04-08 21:32:56,3.6637 GiB
2025-04-08 21:32:57,3.6637 GiB
2025-04-08 21:32:58,3.6637 GiB
2025-04-08 21:32:59,3.6637 GiB
2025-04-08 21:33:00,3.6637 GiB
2025-04-08 21:33:01,3.6637 GiB
2025-04-08 21:33:02,3.6637 GiB
2025-04-08 21:33:03,3.6637 GiB
2025-04-08 21:33:04,3.6637 GiB
2025-04-08 21:33:05,3.6637 GiB
2025-04-08 21:33:06,3.6637 GiB
2025-04-08 21:33:07,3.6637 GiB
2025-04-08 21:33:08,3.6637 GiB
2025-04-08 21:33:09,3.6637 GiB
2025-04-08 21:33:10,3.6637 GiB
2025-04-08 21:33:11,3.6637 GiB
2025-04-08 21:33:12,3.6637 GiB
2025-04-08 21:33:13,3.6637 GiB
2025-04-08 21:33:14,3.6637 GiB
2025-04-08 21:33:15,3.6637 GiB
2025-04-08 21:33:16,3.6637 GiB
2025-04-08 21:33:17,3.6637 GiB
2025-04-08 21:33:18,3.6637 GiB
2025-04-08 21:33:19,3.6637 GiB
2025-04-08 21:33:20,3.6637 GiB
2025-04-08 21:33:21,3.6637 GiB
2025-04-08 21:33:22,3.6637 GiB
2025-04-08 21:33:23,3.6637 GiB
2025-04-08 21:33:24,3.6637 GiB
2025-04-08 21:33:25,3.6637 GiB
2025-04-08 21:33:26,3.6637 GiB
2025-04-08 21:33:27,3.6637 GiB
2025-04-08 21:33:28,3.6637 GiB
2025-04-08 21:33:29,3.6637 GiB
2025-04-08 21:33:30,3.6637 GiB
2025-04-08 21:33:31,3.6637 GiB
2025-04-08 21:33:32,3.6637 GiB
2025-04-08 21:33:33,3.6637 GiB
2025-04-08 21:33:34,3.6793 GiB
2025-04-08 21:33:35,3.6793 GiB
2025-04-08 21:33:36,3.6793 GiB
2025-04-08 21:33:37,3.6793 GiB
2025-04-08 21:33:38,3.6793 GiB
2025-04-08 21:33:39,3.6793 GiB
2025-04-08 21:33:40,3.6793 GiB
2025-04-08 21:33:41,3.6793 GiB
2025-04-08 21:33:42,3.6793 GiB
2025-04-08 21:33:43,3.6793 GiB
2025-04-08 21:33:44,3.6793 GiB
2025-04-08 21:33:45,3.6793 GiB
2025-04-08 21:33:46,3.6793 GiB
2025-04-08 21:33:47,3.6793 GiB
2025-04-08 21:33:48,3.6793 GiB
2025-04-08 21:33:49,3.6793 GiB
2025-04-08 21:33:50,3.6793 GiB
2025-04-08 21:33:51,3.6793 GiB
2025-04-08 21:33:52,3.6793 GiB
2025-04-08 21:33:53,3.6793 GiB
2025-04-08 21:33:54,3.6793 GiB
2025-04-08 21:33:55,3.6793 GiB
2025-04-08 21:33:56,3.6793 GiB
2025-04-08 21:33:57,3.6793 GiB
2025-04-08 21:33:58,3.6793 GiB
2025-04-08 21:33:59,3.6793 GiB
2025-04-08 21:34:00,3.6793 GiB
2025-04-08 21:34:01,3.6793 GiB
2025-04-08 21:34:02,3.6793 GiB
2025-04-08 21:34:03,3.6793 GiB
2025-04-08 21:34:04,3.6793 GiB
2025-04-08 21:34:05,3.6793 GiB
2025-04-08 21:34:06,3.6793 GiB
2025-04-08 21:34:07,3.6793 GiB
2025-04-08 21:34:08,3.6793 GiB
2025-04-08 21:34:09,3.6793 GiB
2025-04-08 21:34:10,3.6793 GiB
2025-04-08 21:34:11,3.6793 GiB
2025-04-08 21:34:12,3.6793 GiB
2025-04-08 21:34:13,3.6793 GiB
2025-04-08 21:34:14,3.6793 GiB
2025-04-08 21:34:15,3.6793 GiB
2025-04-08 21:34:16,3.6793 GiB
2025-04-08 21:34:17,3.6793 GiB
2025-04-08 21:34:18,3.6793 GiB
2025-04-08 21:34:19,3.6793 GiB
2025-04-08 21:34:20,3.6793 GiB
2025-04-08 21:34:21,3.6793 GiB
2025-04-08 21:34:22,3.6793 GiB
2025-04-08 21:34:23,3.6793 GiB
2025-04-08 21:34:24,3.6793 GiB
2025-04-08 21:34:25,3.6793 GiB
2025-04-08 21:34:26,3.6793 GiB
2025-04-08 21:34:27,3.6793 GiB
2025-04-08 21:34:28,3.6793 GiB
2025-04-08 21:34:29,3.6793 GiB
2025-04-08 21:34:30,3.6793 GiB
2025-04-08 21:34:31,3.6793 GiB
2025-04-08 21:34:32,3.6793 GiB
2025-04-08 21:34:33,3.6793 GiB
2025-04-08 21:34:34,3.6793 GiB
2025-04-08 21:34:35,3.6793 GiB
2025-04-08 21:34:36,3.6793 GiB
2025-04-08 21:34:37,3.6793 GiB
2025-04-08 21:34:38,3.6793 GiB
2025-04-08 21:34:39,3.6793 GiB
2025-04-08 21:34:40,3.6793 GiB
2025-04-08 21:34:41,3.6793 GiB
2025-04-08 21:34:42,3.6793 GiB
2025-04-08 21:34:43,3.6793 GiB
2025-04-08 21:34:44,3.6793 GiB
2025-04-08 21:34:45,3.6793 GiB
2025-04-08 21:34:46,3.6793 GiB
2025-04-08 21:34:47,3.6793 GiB
2025-04-08 21:34:48,3.6793 GiB
2025-04-08 21:34:49,3.6793 GiB
2025-04-08 21:34:50,3.6793 GiB
2025-04-08 21:34:51,3.6793 GiB
2025-04-08 21:34:52,3.6793 GiB
2025-04-08 21:34:53,3.6793 GiB
2025-04-08 21:34:54,3.6793 GiB
2025-04-08 21:34:55,3.6793 GiB
2025-04-08 21:34:56,3.6793 GiB
2025-04-08 21:34:57,3.6793 GiB
2025-04-08 21:34:58,3.6793 GiB
2025-04-08 21:34:59,3.6793 GiB
2025-04-08 21:35:00,3.6793 GiB
2025-04-08 21:35:01,3.6793 GiB
2025-04-08 21:35:02,3.6793 GiB
2025-04-08 21:35:03,3.6793 GiB
2025-04-08 21:35:04,3.6793 GiB
2025-04-08 21:35:05,3.6793 GiB
2025-04-08 21:35:06,3.6793 GiB
2025-04-08 21:35:07,3.6793 GiB
2025-04-08 21:35:08,3.6793 GiB
2025-04-08 21:35:09,3.6793 GiB
2025-04-08 21:35:10,3.6793 GiB
2025-04-08 21:35:11,3.6793 GiB
2025-04-08 21:35:12,3.6793 GiB
2025-04-08 21:35:13,3.6793 GiB
2025-04-08 21:35:14,3.6793 GiB
2025-04-08 21:35:15,3.6793 GiB
2025-04-08 21:35:16,3.6793 GiB
2025-04-08 21:35:17,3.6793 GiB
2025-04-08 21:35:18,3.6793 GiB
2025-04-08 21:35:19,3.6793 GiB
2025-04-08 21:35:20,3.6793 GiB
2025-04-08 21:35:21,3.6793 GiB
2025-04-08 21:35:22,3.6793 GiB
2025-04-08 21:35:23,3.6793 GiB
2025-04-08 21:35:24,3.6793 GiB
2025-04-08 21:35:25,3.6793 GiB
2025-04-08 21:35:26,3.6793 GiB
2025-04-08 21:35:27,3.6793 GiB
2025-04-08 21:35:28,3.6793 GiB
2025-04-08 21:35:29,3.6793 GiB
2025-04-08 21:35:30,3.6793 GiB
2025-04-08 21:35:31,3.6793 GiB
2025-04-08 21:35:32,3.6793 GiB
2025-04-08 21:35:33,3.6793 GiB
2025-04-08 21:35:34,3.6950 GiB
2025-04-08 21:35:35,3.6950 GiB
2025-04-08 21:35:36,3.6950 GiB
2025-04-08 21:35:37,3.6950 GiB
2025-04-08 21:35:38,3.6950 GiB
2025-04-08 21:35:39,3.6950 GiB
2025-04-08 21:35:40,3.6950 GiB
2025-04-08 21:35:41,3.6950 GiB
2025-04-08 21:35:42,3.6950 GiB
2025-04-08 21:35:43,3.6950 GiB
2025-04-08 21:35:44,3.6950 GiB
2025-04-08 21:35:45,3.6950 GiB
2025-04-08 21:35:46,3.6950 GiB
2025-04-08 21:35:47,3.6950 GiB
2025-04-08 21:35:48,3.6950 GiB
2025-04-08 21:35:49,3.6950 GiB
2025-04-08 21:35:50,3.6950 GiB
2025-04-08 21:35:51,3.6950 GiB
2025-04-08 21:35:52,3.6950 GiB
2025-04-08 21:35:53,3.6950 GiB
2025-04-08 21:35:54,3.6950 GiB
2025-04-08 21:35:55,3.6950 GiB
2025-04-08 21:35:56,3.6950 GiB
2025-04-08 21:35:57,3.6950 GiB
2025-04-08 21:35:58,3.6950 GiB
2025-04-08 21:35:59,3.6950 GiB
2025-04-08 21:36:00,3.6950 GiB