"Time","C {__name__=""rabbitmq_channel_messages_unacked"", instance=""54.146.199.131:15692"", job=""amazonmq-rabbitmq""}"
2025-04-08 21:31:00,0.000
2025-04-08 21:31:01,0.000
2025-04-08 21:31:02,0.000
2025-04-08 21:31:03,0.000
2025-04-08 21:31:04,0.000
2025-04-08 21:31:05,0.000
2025-04-08 21:31:06,0.000
2025-04-08 21:31:07,0.000
2025-04-08 21:31:08,0.000
2025-04-08 21:31:09,0.000
2025-04-08 21:31:10,0.000
2025-04-08 21:31:11,0.000
2025-04-08 21:31:12,0.000
2025-04-08 21:31:13,0.000
2025-04-08 21:31:14,0.000
2025-04-08 21:31:15,0.000
2025-04-08 21:31:16,0.000
2025-04-08 21:31:17,0.000
2025-04-08 21:31:18,0.000
2025-04-08 21:31:19,0.000
2025-04-08 21:31:20,0.000
2025-04-08 21:31:21,0.000
2025-04-08 21:31:22,0.000
2025-04-08 21:31:23,0.000
2025-04-08 21:31:24,0.000
2025-04-08 21:31:25,0.000
2025-04-08 21:31:26,0.000
2025-04-08 21:31:27,0.000
2025-04-08 21:31:28,0.000
2025-04-08 21:31:29,0.000
2025-04-08 21:31:30,0.000
2025-04-08 21:31:31,0.000
2025-04-08 21:31:32,0.000
2025-04-08 21:31:33,0.000
2025-04-08 21:31:34,2.239
2025-04-08 21:31:35,2.239
2025-04-08 21:31:36,2.239
2025-04-08 21:31:37,2.239
2025-04-08 21:31:38,2.239
2025-04-08 21:31:39,2.239
2025-04-08 21:31:40,2.239
2025-04-08 21:31:41,2.239
2025-04-08 21:31:42,2.239
2025-04-08 21:31:43,2.239
2025-04-08 21:31:44,2.239
2025-04-08 21:31:45,2.239
2025-04-08 21:31:46,2.239
2025-04-08 21:31:47,2.239
2025-04-08 21:31:48,2.239
2025-04-08 21:31:49,2.122
2025-04-08 21:31:50,2.122
2025-04-08 21:31:51,2.122
2025-04-08 21:31:52,2.122
2025-04-08 21:31:53,2.122
2025-04-08 21:31:54,2.122
2025-04-08 21:31:55,2.122
2025-04-08 21:31:56,2.122
2025-04-08 21:31:57,2.122
2025-04-08 21:31:58,2.122
2025-04-08 21:31:59,2.122
2025-04-08 21:32:00,2.122
2025-04-08 21:32:01,2.122
2025-04-08 21:32:02,2.122
2025-04-08 21:32:03,2.122
2025-04-08 21:32:04,2.187
2025-04-08 21:32:05,2.187
2025-04-08 21:32:06,2.187
2025-04-08 21:32:07,2.187
2025-04-08 21:32:08,2.187
2025-04-08 21:32:09,2.187
2025-04-08 21:32:10,2.187
2025-04-08 21:32:11,2.187
2025-04-08 21:32:12,2.187
2025-04-08 21:32:13,2.187
2025-04-08 21:32:14,2.187
2025-04-08 21:32:15,2.187
2025-04-08 21:32:16,2.187
2025-04-08 21:32:17,2.187
2025-04-08 21:32:18,2.187
2025-04-08 21:32:19,1.884
2025-04-08 21:32:20,1.884
2025-04-08 21:32:21,1.884
2025-04-08 21:32:22,1.884
2025-04-08 21:32:23,1.884
2025-04-08 21:32:24,1.884
2025-04-08 21:32:25,1.884
2025-04-08 21:32:26,1.884
2025-04-08 21:32:27,1.884
2025-04-08 21:32:28,1.884
2025-04-08 21:32:29,1.884
2025-04-08 21:32:30,1.884
2025-04-08 21:32:31,1.884
2025-04-08 21:32:32,1.884
2025-04-08 21:32:33,1.884
2025-04-08 21:32:34,1.514
2025-04-08 21:32:35,1.514
2025-04-08 21:32:36,1.514
2025-04-08 21:32:37,1.514
2025-04-08 21:32:38,1.514
2025-04-08 21:32:39,1.514
2025-04-08 21:32:40,1.514
2025-04-08 21:32:41,1.514
2025-04-08 21:32:42,1.514
2025-04-08 21:32:43,1.514
2025-04-08 21:32:44,1.514
2025-04-08 21:32:45,1.514
2025-04-08 21:32:46,1.514
2025-04-08 21:32:47,1.514
2025-04-08 21:32:48,1.514
2025-04-08 21:32:49,1.265
2025-04-08 21:32:50,1.265
2025-04-08 21:32:51,1.265
2025-04-08 21:32:52,1.265
2025-04-08 21:32:53,1.265
2025-04-08 21:32:54,1.265
2025-04-08 21:32:55,1.265
2025-04-08 21:32:56,1.265
2025-04-08 21:32:57,1.265
2025-04-08 21:32:58,1.265
2025-04-08 21:32:59,1.265
2025-04-08 21:33:00,1.265
2025-04-08 21:33:01,1.265
2025-04-08 21:33:02,1.265
2025-04-08 21:33:03,1.265
2025-04-08 21:33:04,1.082
2025-04-08 21:33:05,1.082
2025-04-08 21:33:06,1.082
2025-04-08 21:33:07,1.082
2025-04-08 21:33:08,1.082
2025-04-08 21:33:09,1.082
2025-04-08 21:33:10,1.082
2025-04-08 21:33:11,1.082
2025-04-08 21:33:12,1.082
2025-04-08 21:33:13,1.082
2025-04-08 21:33:14,1.082
2025-04-08 21:33:15,1.082
2025-04-08 21:33:16,1.082
2025-04-08 21:33:17,1.082
2025-04-08 21:33:18,1.082
2025-04-08 21:33:19,0.949
2025-04-08 21:33:20,0.949
2025-04-08 21:33:21,0.949
2025-04-08 21:33:22,0.949
2025-04-08 21:33:23,0.949
2025-04-08 21:33:24,0.949
2025-04-08 21:33:25,0.949
2025-04-08 21:33:26,0.949
2025-04-08 21:33:27,0.949
2025-04-08 21:33:28,0.949
2025-04-08 21:33:29,0.949
2025-04-08 21:33:30,0.949
2025-04-08 21:33:31,0.949
2025-04-08 21:33:32,0.949
2025-04-08 21:33:33,0.949
2025-04-08 21:33:34,0.845
2025-04-08 21:33:35,0.845
2025-04-08 21:33:36,0.845
2025-04-08 21:33:37,0.845
2025-04-08 21:33:38,0.845
2025-04-08 21:33:39,0.845
2025-04-08 21:33:40,0.845
2025-04-08 21:33:41,0.845
2025-04-08 21:33:42,0.845
2025-04-08 21:33:43,0.845
2025-04-08 21:33:44,0.845
2025-04-08 21:33:45,0.845
2025-04-08 21:33:46,0.845
2025-04-08 21:33:47,0.845
2025-04-08 21:33:48,0.845
2025-04-08 21:33:49,0.761
2025-04-08 21:33:50,0.761
2025-04-08 21:33:51,0.761
2025-04-08 21:33:52,0.761
2025-04-08 21:33:53,0.761
2025-04-08 21:33:54,0.761
2025-04-08 21:33:55,0.761
2025-04-08 21:33:56,0.761
2025-04-08 21:33:57,0.761
2025-04-08 21:33:58,0.761
2025-04-08 21:33:59,0.761
2025-04-08 21:34:00,0.761
2025-04-08 21:34:01,0.761
2025-04-08 21:34:02,0.761
2025-04-08 21:34:03,0.761
2025-04-08 21:34:04,0.691
2025-04-08 21:34:05,0.691
2025-04-08 21:34:06,0.691
2025-04-08 21:34:07,0.691
2025-04-08 21:34:08,0.691
2025-04-08 21:34:09,0.691
2025-04-08 21:34:10,0.691
2025-04-08 21:34:11,0.691
2025-04-08 21:34:12,0.691
2025-04-08 21:34:13,0.691
2025-04-08 21:34:14,0.691
2025-04-08 21:34:15,0.691
2025-04-08 21:34:16,0.691
2025-04-08 21:34:17,0.691
2025-04-08 21:34:18,0.691
2025-04-08 21:34:19,0.634
2025-04-08 21:34:20,0.634
2025-04-08 21:34:21,0.634
2025-04-08 21:34:22,0.634
2025-04-08 21:34:23,0.634
2025-04-08 21:34:24,0.634
2025-04-08 21:34:25,0.634
2025-04-08 21:34:26,0.634
2025-04-08 21:34:27,0.634
2025-04-08 21:34:28,0.634
2025-04-08 21:34:29,0.634
2025-04-08 21:34:30,0.634
2025-04-08 21:34:31,0.634
2025-04-08 21:34:32,0.634
2025-04-08 21:34:33,0.634
2025-04-08 21:34:34,0.586
2025-04-08 21:34:35,0.586
2025-04-08 21:34:36,0.586
2025-04-08 21:34:37,0.586
2025-04-08 21:34:38,0.586
2025-04-08 21:34:39,0.586
2025-04-08 21:34:40,0.586
2025-04-08 21:34:41,0.586
2025-04-08 21:34:42,0.586
2025-04-08 21:34:43,0.586
2025-04-08 21:34:44,0.586
2025-04-08 21:34:45,0.586
2025-04-08 21:34:46,0.586
2025-04-08 21:34:47,0.586
2025-04-08 21:34:48,0.586
2025-04-08 21:34:49,0.545
2025-04-08 21:34:50,0.545
2025-04-08 21:34:51,0.545
2025-04-08 21:34:52,0.545
2025-04-08 21:34:53,0.545
2025-04-08 21:34:54,0.545
2025-04-08 21:34:55,0.545
2025-04-08 21:34:56,0.545
2025-04-08 21:34:57,0.545
2025-04-08 21:34:58,0.545
2025-04-08 21:34:59,0.545
2025-04-08 21:35:00,0.545
2025-04-08 21:35:01,0.545
2025-04-08 21:35:02,0.545
2025-04-08 21:35:03,0.545
2025-04-08 21:35:04,0.509
2025-04-08 21:35:05,0.509
2025-04-08 21:35:06,0.509
2025-04-08 21:35:07,0.509
2025-04-08 21:35:08,0.509
2025-04-08 21:35:09,0.509
2025-04-08 21:35:10,0.509
2025-04-08 21:35:11,0.509
2025-04-08 21:35:12,0.509
2025-04-08 21:35:13,0.509
2025-04-08 21:35:14,0.509
2025-04-08 21:35:15,0.509
2025-04-08 21:35:16,0.509
2025-04-08 21:35:17,0.509
2025-04-08 21:35:18,0.509
2025-04-08 21:35:19,0.000
2025-04-08 21:35:20,0.000
2025-04-08 21:35:21,0.000
2025-04-08 21:35:22,0.000
2025-04-08 21:35:23,0.000
2025-04-08 21:35:24,0.000
2025-04-08 21:35:25,0.000
2025-04-08 21:35:26,0.000
2025-04-08 21:35:27,0.000
2025-04-08 21:35:28,0.000
2025-04-08 21:35:29,0.000
2025-04-08 21:35:30,0.000
2025-04-08 21:35:31,0.000
2025-04-08 21:35:32,0.000
2025-04-08 21:35:33,0.000
2025-04-08 21:35:34,0.000
2025-04-08 21:35:35,0.000
2025-04-08 21:35:36,0.000
2025-04-08 21:35:37,0.000
2025-04-08 21:35:38,0.000
2025-04-08 21:35:39,0.000
2025-04-08 21:35:40,0.000
2025-04-08 21:35:41,0.000
2025-04-08 21:35:42,0.000
2025-04-08 21:35:43,0.000
2025-04-08 21:35:44,0.000
2025-04-08 21:35:45,0.000
2025-04-08 21:35:46,0.000
2025-04-08 21:35:47,0.000
2025-04-08 21:35:48,0.000
2025-04-08 21:35:49,0.000
2025-04-08 21:35:50,0.000
2025-04-08 21:35:51,0.000
2025-04-08 21:35:52,0.000
2025-04-08 21:35:53,0.000
2025-04-08 21:35:54,0.000
2025-04-08 21:35:55,0.000
2025-04-08 21:35:56,0.000
2025-04-08 21:35:57,0.000
2025-04-08 21:35:58,0.000
2025-04-08 21:35:59,0.000
2025-04-08 21:36:00,0.000